uso_cpu_horas,uso_memoria_gb,transferencia_dados_gb,custo_total
374.54011884736246,92.56646441930982,523.4113674718119,91.44869893606644
950.7143064099162,270.9504736891791,493.95759814399963,115.36021213112859
731.9939418114051,436.47291793820415,1812.5091610420734,150.67563826525603
598.6584841970366,366.1124432047806,499.0923996990122,8.228230964283426
156.01864044243652,403.28057393072487,543.8994522572619,119.60417772965958
155.99452033620264,329.3916833553587,1518.7965248359274,84.17735141075735
58.08361216819946,346.1382822589262,899.47968490108,37.04374557001404
866.1761457749352,424.59782578265964,1553.4211139103625,124.00643551233254
601.1150117432088,124.83400442959297,130.7323151287705,-43.657964312220855
708.0725777960455,244.71248182157024,975.1423873467686,99.81036539292822
20.584494295802447,110.60472090980112,67.22720036656527,-38.03433459600204
969.9098521619943,493.8340039983235,125.30640691070904,32.75150685396953
832.4426408004217,472.02966984330664,1812.874906688822,48.96463784723362
212.33911067827614,19.713405684252947,278.49074223519034,73.79252969653918
181.82496720710063,352.7875862578442,1064.8413645504343,34.2036645925087
183.4045098534338,462.6241587078329,822.1912052014131,148.56285096330822
304.24224295953775,90.28767256366676,694.6866525176854,11.344539302082385
524.7564316322379,283.97261527631474,1799.6666913745448,5.260519057086938
431.94501864211577,457.74414879402093,43.646793550979,12.4183796850945
291.22914019804193,16.97298929289942,1327.579372351178,104.60092438656254
611.8528947223795,348.71013362341995,1926.7888684271009,96.20452657016962
139.49386065204183,148.6745036862754,1120.336366923684,16.83450591517326
292.14464853521815,462.1980976882652,1873.6449240661836,106.3008519695505
366.3618432936917,485.5291225826839,104.51575857204753,94.05045640277118
456.06998421703594,472.13324455671693,837.5866381483228,142.638497224613
785.1759613930136,237.1071083287319,520.3155819241023,145.80078203565222
199.67378215835973,431.0213254946567,1461.6419299614595,64.33022796715855
514.2344384136117,422.2746992675352,1962.5941809944934,40.88869116322206
592.4145688620424,159.55023662162782,513.0601248884956,35.16369654687101
46.45041271999772,414.4577370753387,1308.349202948149,82.94930373164105
607.5448519014384,18.50381735774631,396.19526551948024,-8.036416669294383
170.52412368729154,298.13493924102653,1130.6605091432198,13.09536454657949
65.05159298527951,115.00441864385152,927.8649733766724,50.49971505867685
948.8855372533333,60.28344288863941,1944.010659263074,89.92021675826953
965.6320330745593,38.47660081460458,1217.054545392933,78.11020241362642
808.3973481164611,348.1443879390699,699.0127441736375,51.28979434819932
304.6137691733707,169.93748188403308,228.19156977586675,25.268232332300812
97.67211400638386,362.3833857643807,302.4936574698691,0.9601602127394315
684.2330265121569,32.678170399471185,450.6338599024702,91.0020661198437
440.1524937396013,157.64516891530516,501.933322680596,99.57327476831014
122.03823484477883,269.7456461876686,1701.2321156822757,-25.20827443725338
495.17691011127016,395.36158241948175,1122.4455765650498,40.26837226919218
34.388521115218396,159.37625146603494,1046.7818227487328,-36.23377509716488
909.3204020787821,312.94568821850453,229.53774373843493,48.85014708021335
258.7799816000169,442.9888741180936,1720.27938669887,87.47157573626956
662.522284353982,307.9315940911523,1445.6286064169674,20.349584770227167
311.71107608941094,116.47973737681689,135.33672380000317,-16.152728638113352
520.0680211778108,12.20039077826901,1415.6701944595372,5.338975421833261
546.7102793432797,435.04943695046495,1087.076434685292,102.94535282586352
184.85445552552704,10.63470542519357,163.45069149355652,17.04242400047936
969.5846277645586,437.3508363420997,916.6012830573129,74.4594630167215
775.1328233611146,264.468567013606,969.392574260094,93.43239296158812
939.4989415641891,469.5338492564481,331.5490803265515,73.22530938102202
894.8273504276489,399.3916178868327,1891.3962940005647,108.92569967377433
597.8999788110851,498.96705526666875,1699.9507429613238,197.46332384137446
921.8742350231169,175.35590772585508,1338.0446746582165,157.41324860642308
88.4925020519195,383.59414446556343,924.5911220012144,-3.7031998572032734
195.9828624191452,200.96545680462108,823.531083169017,87.85293135875844
45.227288910538064,239.9378101519544,1301.9469343019084,92.86391187134012
325.3303307632643,313.75273160918505,1090.8637388138109,12.045900037727037
388.677289689482,436.83855709316936,124.54621176377123,106.54752661680949
271.3490317738959,492.04173459964755,1025.0052975406634,160.16832692010047
828.7375091519293,384.1367069322591,1612.807234465679,55.979450527915276
356.75332669358926,208.88339108366688,918.4797551939162,11.220459496211298
280.93450968738074,210.6785011385351,103.91315510853683,88.0759120425684
542.6960831582485,368.79115079444574,1572.5563987680662,109.03981275400074
140.92422497476264,119.38857288415117,402.7275642719488,54.613433584568384
802.1969807540397,55.23705656569733,517.2416697760775,73.00784890981811
74.55064367977083,177.31107882038827,329.41270686459177,47.581690249726414
986.8869366005173,143.61949582704088,660.4301297429951,10.5912925920357
772.2447692966574,148.15406022799505,1513.50301137727,136.0635900462502
198.7156815341724,116.80387552495498,1038.7717190078747,100.8711056307503
5.522117123602399,21.046594818180942,409.7625483014251,-0.8935208993746695
815.4614284548342,8.936967366706906,1755.6601563040817,74.60612379480092
706.8573438476171,493.8611948680158,1759.1637099030584,43.356885749457504
729.0071680409873,213.88656686793118,1741.1568500920139,118.37488989157451
771.2703466859457,192.16332357984084,477.59242276307856,95.93457023325016
74.04465173409037,339.82364134653494,902.4786883619762,52.62461963863199
358.4657285442726,109.12694393253209,1969.9793122817503,124.45323505962699
115.86905952512971,474.98059197511265,1544.0249526199807,67.46814967717035
863.1034258755935,393.17250720777605,54.334842451119634,111.78941515825969
623.2981268275579,44.705501156129756,130.4091825209841,-12.739576827195222
330.8980248526492,208.79038789246417,927.8627536246655,54.80358756066028
63.55835028602363,439.55915378108233,1818.4404117231204,74.78492823173004
310.9823217156622,472.36601114570516,1077.4035959054283,95.59918522050927
325.183322026747,233.70075562493486,995.6250160685804,41.06539554353452
729.6061783380641,306.70569460535387,210.94739991326117,64.79619659212044
637.5574713552131,83.5169730460376,1313.560209448588,107.8031336334115
887.2127425763265,495.58431306848826,1644.206321200451,104.96498299776331
472.2149251619493,115.8358506917217,760.8400150151247,-29.917723409361827
119.5942459383017,471.3658870675628,1551.2237018506548,171.61997025095548
713.244787222995,324.8233244961842,1928.9533078016232,175.79634190132498
760.7850486168975,303.86839743942954,407.5329182553782,11.963615784614461
561.2771975694963,256.3442555082543,1046.6592623894826,109.11686093934964
770.967179954561,115.33490585887934,574.2759161691511,36.41862937943185
493.79559636439075,88.26401600275413,1585.7088380676787,78.4047189464015
522.7328293819941,110.24310453508768,1155.186731762315,74.97589300852945
427.54101835854965,93.21913107212725,1269.1648351006074,44.36187071133626
25.419126744095188,389.79223678337667,1595.828319231788,32.97846312085836
107.89142699330445,175.06262958336504,791.9409453249098,4.212600598686954
31.42918568673425,28.921338281698183,1830.1801368140864,-4.742399925273865
636.4104112637804,484.5513150704057,1066.05773449228,60.00569634855296
314.35598107632666,441.89294248171285,315.909645670696,62.86637171293378
508.5706911647028,463.8761415976065,1391.798236337605,63.864113989210296
907.5664739260931,497.45391132321765,1586.522700876509,160.9567721317876
249.29222914887495,86.94762460974364,633.5233541350533,108.19214876791554
410.38292303562974,198.12100945132937,1714.358513997506,45.615755308362395
755.5511385430486,379.11923785204567,1812.2865095315328,123.90543592975654
228.79816549162246,348.0103090268961,553.8089747556179,82.30137418752977
76.979909828793,76.94795316992753,1967.0429454304442,74.48476326300501
289.75145291376805,407.9165624953089,281.42305609751685,64.705453412974
161.2212872540044,112.22028591833033,404.03133680497996,64.49784060861897
929.6976523425731,111.90880741131154,368.44967847605227,89.15720456181371
808.1203795644169,268.4872114467068,1787.9794200157407,41.13120740684147
633.4037565104235,296.46996742085156,1308.5851046499238,130.94668988006845
871.4605901877177,290.0431039189056,304.20856644454574,123.02605309350446
803.6720768991145,45.743418698877434,880.646836736698,24.206577240648357
186.57005888603584,438.7304313151902,1230.5960501396041,79.710358850993
892.5589984899777,132.80002129435303,166.9281699787666,95.412965094063
539.3422419156507,64.75746064140209,1764.8327368146774,58.27382191724822
807.4401551640625,444.3740399344886,1607.2070708830704,170.602455557614
896.0912999234932,477.82574911487666,1010.4135471532765,230.9890355816959
318.00347497186385,431.0638086327253,1934.2532305183408,58.392317590483415
110.05192452767676,404.75803736243904,835.5219585501994,-6.363391024057009
227.93516254194168,327.62099031951084,1968.2206380729956,98.71419970075188
427.1077886262563,275.4286853045696,1335.8399976072542,111.69318317022204
818.0147659224931,43.493379955705066,1269.3425465078828,59.09360852961438
860.7305832563435,204.22660653534936,331.90979059157,142.76041879423522
6.952130531190703,186.344258506157,1763.8555166092879,-12.671147276801449
510.74730257756573,129.8768918801631,854.9793758412303,90.27057298529976
417.411003148779,361.71005684429247,324.46681156495873,33.23785103522271
222.10781047073024,247.9378675393854,25.21503995151808,122.37237338687024
119.8653673336828,40.52310795382397,1119.5113672767652,132.06157416600774
337.615171403628,110.09160097490567,1054.7992442453526,10.653074163411624
942.9097039125191,341.629381829798,1438.707244738317,82.6047114779431
323.2029320207552,38.06542974515009,1780.5161060356043,98.55640604525496
518.790621743366,425.60345702438434,158.81316928605904,52.3196076858522
703.0189588951779,247.57326350698716,1462.9929806807247,86.8975730124602
363.629602379294,240.293288663324,374.82388819516444,50.9767077763209
971.7820827209607,296.2038923297588,1716.354106314328,16.55291768542766
962.4472949421113,412.3404829625746,1638.1270277233123,121.42706629311742
251.78229582536414,173.90460395109653,1081.5875099710888,17.12493668259095
497.2485058923854,339.0080762795318,1420.485597246623,62.516803747516306
300.8783098167697,282.8659819978955,628.7002263674968,128.0861183914187
284.8404943774676,133.51413508471066,942.3357978656293,-16.38519052930578
36.88694735453279,439.31499317757897,1643.2737954209433,119.30158193130225
609.5643339798969,398.71301080346404,918.5303943464278,74.77197914967938
502.67902322886147,329.22591732921273,715.5965306508836,58.3804650825903
51.47875124998935,425.290864547121,988.4248945005997,104.39011670980913
278.64646423661145,433.64710047990116,1656.4985048744368,107.42956808575394
908.2658859666537,354.18148835751737,670.4160947417455,122.77041488989589
239.56189066697243,418.506664181836,347.5231862714876,109.18845770360504
144.89487209122308,348.7357308346418,1424.0280406615616,54.03345834209043
489.452760277563,340.0703858801502,1651.9564254161637,60.90696838482893
985.6504541106007,309.3056891075922,201.27495704706666,29.98106442934069
242.05527151150042,376.3583197788206,479.7482255118895,18.063033564747116
672.1355474058786,79.30255264653685,283.9439795219878,194.67063349082363
761.6196153287176,440.4353795994642,695.8828231643332,158.2761542265083
237.63754399239966,435.921763872616,900.7019578108253,5.934374432697027
728.2163486118595,14.623641517279573,1497.652673926613,1.7033372236746942
367.7831327192532,412.9083752823813,1302.2951697633482,109.81920064539233
632.3058305935795,64.4349337367226,1241.8571349568624,90.25916747138683
633.5297107608947,167.55942712957093,704.7498932193088,89.97161788125621
535.7746840747585,371.75412814580386,1682.89510616952,84.87425946402382
90.28977005440831,80.3799480241541,942.5743347963291,25.131257000917397
835.302495589238,408.9835120595311,1958.209876030309,138.22164971398905
320.78006497173584,416.06708897887097,1268.2842765914736,87.3060479929699
186.51851039985422,253.7338668804181,252.52948312900548,-71.21511676676212
40.77514155476392,3.19293585841679,1352.355124150868,17.915171617837544
590.8929431882418,143.5190665874564,650.208030863398,14.330392722410018
677.5643618422824,308.4634591878711,1372.6543933721948,100.93822282377073
16.58782892785615,490.59308901371173,139.28229632481148,201.93729640443073
512.093058299281,315.90676350833417,349.76287435191875,82.56467002655106
226.49577519793795,129.9017905320799,1711.4745178115727,42.86797386071645
645.1727904094498,317.00285154980565,454.3591140470298,119.13618205525627
174.36642900499143,269.99268985792776,1674.0822504858802,93.33362980622059
690.9377381024659,389.9226975755718,558.5521769088209,105.71492472344897
386.7353463005374,53.490319413479206,1285.7638201174152,80.74360531950666
936.7299887367345,380.513951251014,1388.301147019662,215.48109574380845
137.52094414599324,270.63328933805514,1025.309506290106,-2.098855499388492
341.0663510502585,481.4960019294973,610.6213533934625,101.09694865390463
113.47352124058906,170.93608301934304,425.28875274219223,-15.045997080269316
924.6936182785628,316.31094656697405,66.37870912485243,106.968982070235
877.339353380981,466.0140527550087,607.8928024814476,56.69190341987416
257.9416277151556,51.254863995339626,1306.325581062566,23.28073872628885
659.9840460341791,468.61424361822554,1876.6096368969654,102.63832368957551
817.2222002012159,343.94286115040666,1742.408964526104,158.894411382859
555.2008115994623,33.91852955258595,1532.1295530706052,107.71720679376452
529.6505783560065,150.48178347340811,1576.8946865065973,10.78273217295385
241.8522909004517,354.0860443226408,1329.9698069519904,76.84732066631892
93.1027678058992,33.67530073438585,520.573715132006,-17.044849971084968
897.2157579533267,291.08523008813665,1814.3900614116596,47.33186660094647
900.4180571633304,172.94152847647837,1341.4646238116682,78.2934956608292
633.1014572732679,310.45775888373856,1120.8812619608798,69.69433456846386
339.0297910487007,22.871016906256425,221.97893842696215,145.01399432887604
349.2095746126609,435.7684030761881,894.1110876128508,100.56753205854369
725.9556788702394,486.74448458869847,920.7165424038526,34.50568821274702
897.110259952577,484.4389276428457,1729.1272190453399,99.64324993427311
887.0864242651173,374.82591587146237,1093.296440375577,154.77200637938355
779.8755458576238,65.04312006531599,760.8010979408193,165.13624990172542
642.0316461542877,379.1315979645113,1953.6006570213187,29.78758963269398
84.13996499504883,12.293458229400755,221.44118665263136,-84.13105145120711
161.62871409461377,11.061775764498627,845.0968566238893,119.63780918224745
898.5541885270792,161.80510957477063,84.04935034281058,82.26991625923243
606.4290596595899,244.32159520233287,1479.8082415338606,40.93514074007168
9.197051616629647,385.2037089038966,1836.1531043983014,102.43473986530894
101.47154286603211,341.6476883032526,560.0746591009789,-81.34754779519743
663.5017691080558,222.95135318837416,1716.6833535982419,89.9726661760631
5.061583846218687,136.81333314083292,584.4364609237955,42.0142003670244
160.80805141749866,498.5622500788556,1821.5403232878305,140.5409410214086
548.7337893665862,213.09065111798648,1507.9238071935679,28.209433109372434
691.8951976926933,225.69351216483773,1609.8135536828772,93.64474024494393
651.9612595026006,81.81191059583459,36.013111200908995,-4.771715044247699
224.26930946055978,397.4047743749647,1925.620714148052,102.23554497720134
712.1792213475359,346.84111289074434,1453.3419841406464,54.59259592111295
237.24908749680006,110.38480639438019,609.5021907722667,14.685936871712332
325.3996981592677,41.19052280792135,1658.7893297176938,3.7740540435979497
746.4914051180241,340.24965103735656,563.0423968298599,115.16719538741691
649.6328990472147,327.25560714056763,1745.5076791322558,143.03991508189588
849.223410494178,136.62976349910466,225.16078082387403,48.896333993226165
657.6128923003433,475.4317811252052,1407.3719549215914,110.48316157397095
568.3086033354716,75.52894589045012,1081.3969532898207,-14.833306910062191
93.67476782809247,216.16740052130095,193.06894039088164,15.178024851013003
367.71580305943354,471.80796008379946,483.787656517678,72.73210843961795
265.20236768172543,209.86365846306114,24.80807255462958,165.78230023298374
243.9896433790836,319.26297383204275,937.5359309290117,7.278146882030505
973.0105547524456,198.79719898139714,602.5305215200008,153.78972000378388
393.0977246667604,137.107601174335,1196.7149685955176,107.14288439597229
892.0465551771133,491.9888239799141,594.4756154172344,119.72254268969859
631.1386259972629,204.66700315752152,599.8382230139694,151.95142028565135
794.8113035416484,447.04960183956723,1486.3863974632068,132.77852694064643
502.6370931051921,114.97730294554309,96.28567195670689,58.01325817234449
576.9038846263591,106.55235201254165,1805.7899903839746,72.96019658937435
492.5176938188639,15.56704144225568,1704.527748782363,121.4515879317474
195.2429877980445,325.83341268794254,1335.609366452813,123.88113967829693
722.4521152615054,184.26317186188058,1186.4431402147686,46.993921378748084
280.7723624408558,432.17912491981855,1784.6049962793045,26.986270809672376
24.315966431453838,236.60495334577857,370.6603590574289,22.140468967516277
645.4722959071678,484.09671395736086,157.93832438165722,43.8401244588453
177.11067940704893,92.76275785156058,479.0203398190762,24.535987821122276
940.4585843529143,434.3115839778054,1589.1565574003805,184.10912549764083
953.9285770025874,388.2984263958709,69.34053345296664,65.0479994044363
914.8643902204485,385.460922322026,1165.6136701669793,105.46041608098588
370.1587002554444,422.39161405844385,1990.8750323826198,103.46573380668876
15.456616528867428,380.51199547149946,1711.3921876750787,115.47341823735911
928.3185625877254,313.1101608157077,1042.891378087179,-13.759694926529647
428.18414831731434,65.62243884119378,127.28181857328468,0.1820729331859532
966.6548190436696,16.263089745625958,1662.7470287714198,93.77817511614812
963.6199770892529,460.4239239078434,1197.957016354421,178.18647939367847
853.0094554673601,308.325157260369,229.86599411913366,53.485186006477335
294.44889206958567,398.26864548808817,187.7145696467124,-35.52403475687136
385.09772860192527,240.76117575627504,1819.2536388731849,110.70164908149428
851.136671516857,58.65409448119724,1338.400525876157,43.42213410020425
316.9220051562777,62.59289610127522,1658.573598633511,-4.2064711139064315
169.4927466860925,342.78264361448566,1757.9578005645346,46.69478822138268
556.8012624583502,215.15294744973136,1143.5447040966444,62.99998406703106
936.154774160781,100.26236335016836,1034.8927035100826,47.29459588634691
696.029796674973,245.79727337071844,860.8548206419804,-33.67998927129334
570.061170089365,32.104468537567044,633.8931755822385,89.24467871422632
97.17649377076853,290.9857009571994,869.1919217174235,115.08498528254295
615.0072266991698,134.49670221754883,1547.7593114603128,107.73131735289492
990.0538501042632,398.7795503185941,1203.846862030263,56.573301256437006
140.08401523652404,155.18097946178688,1785.0465799096921,48.148653608822826
518.3296523637367,227.6100745409006,886.7600287583755,66.0866248859715
877.3730719279555,5.810269954050318,1214.1791574375081,98.67298321864848
740.7686177542045,36.22344389727944,1262.6151061839773,99.33010183702176
697.015740995268,196.24677820334242,1183.394324612651,41.43466142342587
702.4840839871092,239.96941735856174,1405.2675461710326,91.3262746793103
359.4911512197552,300.01027405965186,474.86693674961253,80.33694393270726
293.5918442644934,145.83128935465163,1024.7275550915813,122.54838835785978
809.3611554785136,347.4909430632713,208.44960561669535,114.61147118382289
810.1133946791807,430.0611985946023,769.022655289625,138.34507706798772
867.0723185801037,389.9254944466749,975.3341372425289,106.0441795149913
913.2405525564712,19.809412674178574,1304.448519090945,144.2548965372355
511.3423988609378,240.25347362891446,1901.062105172407,108.10184920736134
501.5162946871996,52.46508920908744,1201.3021330967117,11.293970808524435
798.2951789667752,121.02250793126373,1487.1878323531196,151.92926489478708
649.9639307777652,493.33129663357323,1012.5321189904055,136.97713220900508
701.9668772577033,71.24777145075662,1268.2080627526627,45.43508120658997
795.792669436101,249.44407672567803,141.86443226754685,43.59668141976164
890.0053418175663,309.07786715905956,508.78316168369395,100.41249429749622
337.9951568515358,351.232485272052,723.7061864102774,89.65636986136677
375.58295263994404,279.82434174345707,944.9867100130272,75.52592928816378
93.981939840869,4.88542370959183,91.29749100476747,22.579022855242226
578.2801409961739,163.23065412199594,280.0481951066354,135.83590509296002
35.942273796742086,258.85582169235573,553.6286155826116,92.33242578246919
465.59801813246014,43.93324957241668,1943.0653818021012,76.06631306315792
542.6446347075766,175.3134656045904,662.6940142061015,104.98298761833408
286.5412521282844,16.601554395683284,964.082116224165,-16.35733480591113
590.8332605690108,39.28924857751037,392.1954254767859,61.21084889307774
30.50024993904943,198.46163810079804,1221.5601421515364,136.2676966367185
37.348188749214415,66.35787702153017,561.3664310319487,8.828230990634019
822.6005606596583,283.7704241307791,413.9851568768536,35.40507715264365
360.1906414112629,344.73248456863286,1033.145256891958,40.54124123561257
127.06051265188478,400.2933495545414,11.011598320841642,-7.879059312654199
522.2432600548044,100.07512212240505,15.328065298450655,-2.811858885435427
769.9935530986108,83.74129112953487,438.13761820371553,37.111154202456895
215.8210274968432,52.28392016720013,73.44272500164229,-52.79005306733708
622.8904758190002,318.21512477181835,216.05150826138276,68.06798313083966
85.347464993768,353.2378632434506,677.7212986775032,98.25944423691588
51.681721168607694,15.793072412821019,1605.1713591596258,-9.120988524441017
531.354631568148,468.1061231218449,1144.0972867386017,172.22448580745237
540.6351216101065,25.985641825736206,1025.335451912833,75.67663372771534
637.4299014982065,270.64816765053524,586.9776464162433,122.20489404949159
726.0913337226616,354.5302597254582,1863.5074388656328,76.1360137433847
975.8520794625346,435.4845618730428,794.0300824743833,150.94792316324947
516.3003483011953,357.0434660662139,174.185533591543,10.406379673746372
322.956472941246,400.86404153489593,1234.1330322356025,125.42926348708937
795.1861947687037,169.72509627140303,227.67678695320282,69.87732209431611
270.83225126207424,407.4125568732561,690.4462856033841,95.7543549617362
438.9714207056361,40.05742319233757,1014.8238774356178,-12.528939378014655
78.45638134226596,447.4083280302638,1748.4450493703516,38.87906074371648
25.35074341545751,273.79618807686813,987.0931606802374,78.25043010473368
962.6484146779251,408.64888498124685,1404.5175320633284,69.67025966207747
835.9801205122059,226.15914225915006,1985.6336779981407,127.28790841644427
695.974206093698,321.78884759826246,262.97823979596325,3.8802695374181155
408.9529444142699,263.2013304680566,549.463051039039,100.16575192163334
173.29432007084577,365.7947608776659,789.1521511952928,-0.5989306232107197
156.43704267108603,40.81499101529479,843.6563570776627,56.3914752606132
250.24289816459532,30.1760419952819,822.0421505310916,63.25213880067983
549.2266647061205,123.55161700507323,1815.2220051131098,41.282344116596796
714.5959227000624,79.77234005659417,1428.065288933713,101.36966427357315
660.1973767177312,435.89178329610087,1215.8104281814076,113.9373688958026
279.9338969459428,109.60699367902215,618.7454357255642,10.390210120073728
954.8652806631941,487.93262790956567,1647.5807684425895,79.06040798915764
737.8969166957685,168.44789588555344,1910.121022969978,-6.1892287008856215
554.3540525114007,91.05895784434964,1642.396565100453,87.15403207699875
611.7207462343522,394.84925357123956,3.1302103829458083,-8.10657169160227
419.6000624277899,329.35388775043805,1272.802740366814,84.13865667583501
247.73098950115747,249.09785822656949,102.27076288420145,26.169339751286397
355.97267865126156,277.6817754688156,515.2144406674437,89.8282390647033
757.8461104643691,359.6008891361319,119.04940069554337,61.1311074762493
14.393488629755868,114.22737066564936,1207.5909058987754,19.82184029867367
116.07264050691623,498.16695802837097,1373.1798269852136,119.67745958230196
46.00264202175275,487.3965810733916,228.97527613181023,72.37219718526887
40.72880231897014,325.16284317346845,767.6777660899589,65.71407761423345
855.4605840110072,99.77122546457257,912.4730179110841,94.46299159565561
703.6578593800236,340.11412121564564,738.1060435218332,7.177819800647114
474.1738290873252,36.09920448958792,242.0500009703861,69.99904592208188
97.83416065100148,15.326251102903033,837.8955803749508,53.80568445101951
491.61587511683234,128.84144425560683,1502.3560956168362,16.67790366491416
473.4717707805657,231.31147836965815,142.01532906651093,37.44101927361426
173.20186991001518,434.13625270419027,160.3600281638069,53.31555494781437
433.85164923797305,363.584534883154,709.5425836719685,65.51704840356679
398.50473439737345,371.3532605999905,1883.4514232378501,111.42258957305145
615.8500980522165,212.74666722403768,1337.1452934458282,150.37841658549036
635.0936508676438,172.96749627348146,1357.3399133451296,130.28656682127436
45.304009772044516,185.51938149230136,723.83998167573,-30.317021400223354
374.6126146264712,493.82478186802894,1187.3215824170768,122.96304008177043
625.8599157142364,20.05459570624124,20.262368055486757,100.15036869421616
503.1362585800877,433.51574806122426,1272.1920928190843,113.29265562596865
856.4898411883223,289.3377042861967,1826.5738951524734,162.8387616503836
658.693631618945,219.30770959479523,1225.1469366896383,179.9819135592578
162.9344270814297,362.6288302075682,1747.3971869326901,130.54302541883118
70.56874740042984,243.33447071235142,1447.9461109321876,69.28623644198683
642.4192782063157,436.71161904083027,241.1168328073805,132.8688861747841
26.511310541621814,450.35093200562926,1804.9066145716833,89.70318267392224
585.7755812734633,210.8604634367277,132.88768871154977,54.22773134582471
940.2302414249576,138.41389861752577,1067.9349450955276,64.6408890492244
575.4741778758789,296.1751642966811,284.27424758691535,142.24737821680577
388.1699262065219,456.18167280834547,23.41322146180813,24.573494723296733
643.2882184423531,105.3310945028333,844.068520255278,136.19727701141233
458.2528904915166,311.4832917817414,590.0814153083124,90.8558081959348
545.616789315935,315.7801100462603,972.0009875952061,8.333561482229825
941.4648087765252,366.5565112076405,1154.3997734691015,125.19935167854342
386.10263780077423,65.7838425636299,87.47814461789471,-77.3682463438216
961.1905638239142,357.91248234104427,246.00659024749126,120.04630907180176
905.3506419560638,454.5162603328205,1117.2847929008508,157.32642813855182
195.79113478929645,89.84155443512098,686.3347063453165,2.882608527280574
69.36130087516545,118.77166246193882,1458.3469750988959,50.689555589709194
100.77800137742665,485.6975470208198,1304.5832971838793,177.40819240214523
18.22182565154973,90.48847635474489,1691.2087259798136,18.49677822455141
94.4429607559284,427.1925466847896,1384.9856533384507,22.195736420214367
683.0067734163569,246.1389282240174,859.8621547802962,150.04464471195544
71.18864846022899,123.61553720158852,1345.9332447888648,140.96901056548734
318.9756302937613,435.3749506362557,550.762348510837,70.68630714092274
844.8753109694545,222.65262750133274,612.6269975564254,127.33472002015233
23.271935735825867,257.4086769648451,1577.9703198415866,125.5376666566516
814.4684825889358,179.61668469988285,892.8390328031644,39.417661628579175
281.8547747733999,296.47542571746374,1596.760681036705,51.41020316275706
118.16482762165626,81.76193629251138,1644.8447473365568,108.52505561480183
696.7371653641507,195.54076832588035,1715.1246753225676,172.94414254267238
628.942846779884,484.70616116764376,1833.2704716824146,144.7272108981246
877.4720135270529,129.06671635056378,861.9704410265924,30.028963456838156
735.0710438038858,328.3683322706461,637.7336366422777,181.6981137350765
803.4809303848485,162.59503211234744,1164.3974931882278,53.17295470364351
282.0345725713065,386.7365628433003,742.3448468752551,50.86539279182788
177.4395437797228,65.43683035917492,1202.148333600466,56.575518621394025
750.6147516408583,484.91052253927234,1411.1717252876492,191.95324537746185
806.834739267264,226.89477069181962,1376.8100369842737,133.26621359984182
990.5051420006733,118.02523167323199,749.1057740402427,97.05317076625724
412.6176769114265,36.748373665006326,333.72040339750566,54.14455578592738
372.01808579278315,84.87895254377037,861.0586769244151,46.4857065146778
776.4129607419968,259.88697427800884,285.18828816381745,98.4200869541024
340.80354025301784,168.50158821564315,1780.1940703676166,-56.98378664314761
930.7573256035647,414.44168294130475,691.7549214757148,86.9867600503331
858.4127518430118,215.44376183090296,308.91949444664755,82.7095004100129
428.99402737501833,124.35713629381495,50.89551981150176,-22.647378786612897
750.8710677914974,308.572493302015,1291.6447725729686,113.54986406181374
754.5428740846824,353.3886084427229,1273.8046349094864,88.31853619739007
103.12386883593261,83.52095395047493,681.2083331625834,114.90624041587029
902.5529066795667,83.80960814415883,143.42377769530202,135.02806796304307
505.25237244785717,18.335713466771487,819.257789790464,20.19106730897115
826.4574661077417,368.20100753282026,622.4349901267872,83.04978828287008
320.04960103061177,331.9022638109025,1354.2412794700188,72.58015374160159
895.5232284962004,237.31543787490693,1211.5584989053807,70.1559013824272
389.2016787341631,422.08522448459854,729.18745639508,86.00360471447596
10.83765148029836,402.8350764750266,435.7851085099802,11.62698894733768
905.3819764192637,292.6771821983761,1976.0719323111837,57.52748894014815
91.28667678613355,434.1356402566293,908.0032423922297,97.27352390782764
319.3136375904149,102.92060501838412,1376.5484715604741,85.26519102365918
950.0619670508049,55.959809698863936,281.10593515672156,18.505410042561465
950.6071469375561,134.8748057584948,971.1793993187956,125.20919744723318
573.4378881232861,28.543428044657425,55.07343973893097,1.0488195471420987
631.8372121697993,265.58476400051603,1010.9102358208999,91.02680362685862
448.4455219783198,468.30284614748075,1928.0348142354046,148.83045762899496
293.21077169806455,19.671770334254823,768.4134259716004,30.31535590257507
328.66454536991597,61.0549570050134,77.99202514982318,46.835609079050315
672.5184560770384,226.09951414171763,61.911581838687056,31.652623660418836
752.37452943768,466.93750876395245,775.973519893739,90.00861857474919
791.5790437258486,158.07805248837525,320.0498729263881,51.4947833496407
789.6181427945539,253.61740434419622,46.70419265637182,28.44781410026281
91.20610304869037,20.78642952519605,1512.4272279003537,28.048784507172094
494.42030470258146,74.17160048104444,917.0460177637814,-26.95181930467819
57.558760016644285,493.31506147942343,578.489543945309,39.22154767057552
549.5288823237355,482.55934821802276,1800.1663660329614,97.49193159016475
441.53050137337704,2.469990467204808,232.27792040105123,14.160094898641356
887.7041827582998,475.90589271161946,1911.8376579106384,118.13767927375075
350.9150125520787,319.5599689077502,627.9334347547057,58.972206220466624
117.06701642760586,433.95914726001104,1776.8073446173626,108.75748834403186
142.99168205283587,227.36992781692956,1205.8857529589231,97.73014565013935
761.5106317174723,257.79801428962514,1653.414719482975,64.43536606208227
618.218063316261,244.42329012846008,1968.0263264209286,34.55371593762041
101.12267612279024,333.43212877305217,576.8108756374914,-2.1666564159605883
84.10680611499744,69.82562737815645,1922.270970815186,25.273176400122885
700.96913145912,14.986794936338976,778.9637898048408,34.530345971861266
72.76300636419353,153.96497079559546,771.0238094738446,-4.0446797226267535
821.8600592903562,352.34038136832334,680.7742085090114,25.136692059035653
706.2422271564963,100.92672606147418,1082.8152146951704,44.255046884166234
81.34878064189976,336.71621666245863,308.2900863569742,52.9761934311789
84.83771408519192,484.95602305363525,1107.4229707160223,104.6374207157218
986.6395785011755,46.95035789470919,1083.409624820008,47.82405455551381
374.2707957561203,336.30105911256317,1523.80362520974,62.169827096085434
370.6421470668909,221.87510965228557,1667.299923875171,27.73070135371099
812.7995672575025,434.07112718875266,880.8827006248481,100.09278657550854
947.2485773838587,88.57489472369295,604.6664987029875,25.891816606081264
986.001063822871,346.31297611308224,518.669794634189,122.96113735719555
753.3781852589416,419.0576448240551,389.24767340974387,-1.9336973831580906
376.2595855309158,472.3071097370116,115.29516439804976,50.36810991558484
83.50071669866877,341.6240141448229,684.8959576694267,67.09072336239137
777.1469159274368,248.58738200421365,540.4953842615665,83.71771749814975
558.404249735805,308.9236201006069,1932.8347717328147,232.12095313053206
424.22200924697626,434.4524922393591,1115.4176525000878,104.45470396468187
906.354385094736,285.30487331941487,694.554078061015,37.53655830579808
111.19748230615134,15.19352984841843,1160.935201987392,25.5247187854436
492.62510429085916,465.47434775348887,278.39340269139103,-12.065758629602911
11.35364476741907,344.7633755157806,888.0874984044058,48.775782293199086
468.66064199412625,338.25669288862326,1252.4686428421276,40.655271395373255
56.30327568183735,107.83757619885859,977.7956635849027,78.92434845368388
118.81791626807193,329.4427351163286,803.5576013086485,27.47930762143268
117.52624677710489,196.93220282707924,1987.6967777993964,59.48517238778876
649.2103021160635,325.61648852074603,1760.629524297854,68.45686237361468
746.0448792654233,53.29651515399536,1246.8119163188803,154.51070139771485
583.3687650971597,328.92265230151804,1138.7547223645656,68.77365962640552
962.1725484745419,499.7068628853333,1241.3209596491681,214.53358507920387
374.87057952370407,24.106019430278014,402.6242156448665,69.91420333802367
285.7120862818607,488.58709211065866,790.2754865286372,103.05315962250094
868.5991281894603,203.4539803614353,78.91906578179864,83.79039312712851
223.59583851945263,435.37672516862955,951.0920749736533,93.42917085312122
963.2225394406113,391.19274202913675,1086.0491679153263,12.61775556597027
12.154474689816341,283.5081304933339,455.49947220641917,24.12435652041477
969.8788267076391,369.22460462566323,1928.0576943310275,166.23545424378491
43.15991195057612,439.25778065067396,1818.909221874484,80.0170989263806
891.143113698071,202.0701608255165,1444.2864709118116,23.390408845512695
527.7011090862999,163.51658078161935,1066.7732575307252,61.45195615421797
992.9647961193003,333.79669278179233,1739.9383192953699,203.0319512828262
73.79656473539886,403.9229709706293,261.3046876469258,111.65280486350737
553.8542844013208,381.1425673883079,1581.0195885497699,94.32716226159063
969.302535619099,398.9068244293172,249.6416279336966,140.92110563546493
523.0978441701488,217.7916574064665,1588.421325098811,61.377133432727724
629.3986381352626,408.9171080875108,551.535136502714,-1.8012338957674388
695.7486889846172,60.10452768530422,1754.1811620363778,29.65821105201111
454.5410647677732,272.2445489804248,1888.0841876507957,165.85763031485695
627.5580800840635,2.8793302490607853,297.5919388102313,23.918021713848667
584.3143119231003,162.29291495013516,925.3512101307871,51.78283232503337
901.158010490989,183.23076743569894,1961.9747563253702,87.62856258088273
45.44638034145787,198.08634580462768,966.8148719462932,136.62408051511187
280.9631895922303,347.7336033449311,1727.0950450290902,164.66136648278962
950.4114840765587,194.27905063517287,1177.4630442626396,201.4367518250047
890.2637838909163,224.34681131126533,750.6598158392037,74.00880612245386
455.6567527857129,118.77206543716373,571.5671110517404,60.872610841391584
620.1325978015367,186.62589581467003,406.44618217217453,-18.033984356052223
277.38118298113267,113.63481363157574,1523.5963827553944,129.5511894732358
188.1211597237613,36.59796188422182,773.0810136460558,-29.861503115865386
463.69840493998214,301.72429669068896,1022.5509244015024,84.6471465922295
353.35222802605284,334.1063992775081,984.6509600023638,15.906144147458527
583.6561118508721,309.74517300480727,1154.5580584662625,53.80514272541477
77.73463696498484,231.74702190028617,1731.1542912491045,19.82139831077493
974.3948076661665,189.8928900896149,1961.478687166859,76.5448401018161
986.2107444796029,431.66682478591264,815.1684171476339,81.82445288807517
698.1617140197451,259.54089256810903,1655.0378442126062,66.54949209579642
536.0963663441204,239.5909388148655,1529.0555893094354,123.01171957389664
309.52761628632777,12.821032903217844,1147.0579029111466,-15.543497490264897
813.7950197069487,170.6239138130782,1912.094287223866,107.02109946182593
684.7311725538792,190.09780939292853,400.94903105680555,122.16327780340083
162.6169393448913,199.41139044845025,218.52842061924284,6.782736198804653
910.9271844938424,290.08618461366615,1707.9239339108442,72.81751182689554
822.537242923169,266.80127336343924,878.2996332674966,73.84675088883975
949.799913291924,303.9525463967223,1693.9377084141208,170.75026489058635
725.7195083883599,382.4416307710641,1786.1804103908298,119.9591282520089
613.4151959357898,406.49286935804673,124.91518723814288,47.2576357469771
418.2430362906189,359.0615381132472,1766.9295259721214,116.35072870470007
932.7284833540133,477.76184797746737,896.6381107388444,57.23076368840312
866.0638895004083,9.116291338180815,1020.8649780084644,98.70009869115518
45.21867010618941,97.88899284177305,1253.1850221864204,57.54389861830356
26.366974497252006,3.78143748907106,1852.7652134601735,23.36137318602897
376.4633668780496,323.7373570773015,38.23218885952806,10.032257906461652
810.5533307818329,449.0152744749935,953.6869366356342,60.16888660513082
987.2761293149445,121.74114828814963,1375.4440848611214,115.78766980908013
150.41689110352817,463.5172723981533,1445.413915396457,144.22987522737398
594.1307153521351,30.133695144780425,1385.064863074216,28.555815192129376
380.8908566310215,467.21801340275715,268.87025881624373,94.06308452572588
969.9143978146031,175.8113436198172,598.7911767433625,-26.298673142524308
842.1189231357087,50.71041422460826,717.4310508340269,32.294722063066814
838.3287047111379,242.9358795931628,1608.87441535901,96.83456485850827
468.69315979497026,128.38828386025398,557.519744829106,1.9397104232643514
414.8195023376652,142.4364509809614,421.4099277344063,-3.4124999698122735
273.40707193070625,153.6449824631433,1914.8960380761923,33.94379478092918
56.37549665092712,401.5129489163317,17.7265702269378,57.934237545036936
864.7223762550532,269.58063833762725,1995.6417113639563,100.74056595347578
812.9010091300776,155.65384957800183,1353.6425977147912,-28.628274297648716
999.7176732861305,305.1668916554592,1656.9385988982342,7.606337176063846
996.6368370739053,358.0753371115968,589.2387926923864,67.08089252584392
555.4317056026274,136.31200036676688,28.630555334119954,64.85972572616807
768.9874151805105,206.77455076267574,1475.7390371230601,-48.73363555850743
944.765729882428,60.94304666847378,1668.2891940013515,61.711866233414284
849.6473906774114,90.57467476734016,1480.9522639070383,54.8464894628743
247.34810174319765,340.5589269824914,285.7005746016772,121.55419818786496
450.5441353100935,90.71917384781347,1506.855844513938,42.4851504549216
129.15941515149498,262.5816918335301,1537.845564215282,82.62250046227982
954.0510272587223,354.5231308612163,1317.0810313401098,116.55934208023311
606.17463445088,53.438461547371915,1532.2318655911724,-40.23110880125539
228.6428055034627,283.6561098144518,1691.8428793554642,112.04496967531446
671.7006844058567,128.28139185068187,1227.208228474917,81.72716324767376
618.1282404578958,481.4634376187899,177.20942793935814,108.01037632729043
358.1627180328405,241.77282335996236,975.2556193344217,257.90241594614304
113.55759219962903,402.99627488757903,155.29866934321012,-55.12216648932586
671.5731955927996,275.1132710781309,815.0860620648617,163.62654061680573
520.3077009037933,21.70626642740958,814.2129782512553,30.097895282937948
772.3183917356394,316.5756877970112,132.01968828048317,87.28032735224322
520.1635011119934,475.7016711033285,697.6410679389586,85.2555512596496
852.1815003185401,300.8059100731656,221.99619758262966,55.91777330499397
551.9068387744855,409.59442971339513,1616.4704200184444,72.39254689849474
560.9379715353863,442.1032316742039,1895.3760519289415,126.640179561419
876.653602658345,114.03988597446624,144.6329505158772,-17.729357092902525
403.482866212397,106.02241995411332,1910.2304145834028,106.50995197378751
134.01522845064073,305.49049442549585,1045.1531986734904,37.34315459428875
28.782676313338975,205.51423490335236,599.1313559077478,-22.53028252786075
755.137255673619,419.9306514333602,153.72415055232702,60.32376803827284
620.3095513534647,450.0115616990056,1001.2485361408357,158.89906530351917
704.0797680992235,176.71068965135905,1589.0310889814973,57.88892479891588
212.96416150891073,118.43527948724103,1414.1729545333963,68.69787602531858
136.37147558676978,390.2627576219309,100.45202292794752,11.306076214316874
14.54466566788193,137.40301777406805,145.80367073580703,55.27970097169802
350.587558806597,411.3071592568392,805.7465652652742,109.05041211082946
589.9176868546331,211.86912682438142,590.5809880958866,154.9248584519081
392.2440450997323,333.7749496457352,464.76864611209567,53.50687286684128
437.47492202372905,47.76765691733409,562.0089978174271,71.32343198716373
904.1586944937484,311.9296623382865,1606.9654865937694,113.44358766733869
348.25546702330035,225.88383936861456,1858.4561072637077,141.96386852645134
513.9894891598108,293.30423158773704,810.2053890551329,35.292386017430374
783.6530127411431,84.00710387243171,1812.2220042649942,121.07806675346427
396.5427823212702,368.43687247209107,642.991402495764,59.79578960735382
622.0867002278735,431.39853877161426,952.8739726875832,90.09225948688189
862.3637087467451,108.36990004538782,452.05799563199946,67.58395957693467
949.5206236576421,47.85727776008086,1280.952084351688,90.49282046725783
147.07348092903794,11.819293023168198,1957.9622303496178,41.88339579966317
926.5876251614944,320.985750221633,1206.9861920867572,113.30333928049949
492.1162930795382,303.54701804439037,715.6281682270977,148.17898270106713
258.24438829895837,273.348706357035,1295.6348919810569,115.43227217103347
459.1357562382613,115.97354805798771,245.84135693077513,82.92869938117217
980.032575285477,195.45299795275733,1777.3181605307973,81.316315468972
492.6180939928696,297.23816759308653,1006.1679015596727,30.016038078729373
328.7516102875082,248.38342942958468,898.6994840792842,107.01494105080721
633.4008543167258,493.8927601074437,1171.7295769070383,148.29624989121112
240.14561877819307,68.21987627836657,1249.5677255788048,117.45415686587151
75.86332810866392,347.5722770237969,143.55161245302605,11.222395058411934
128.87972191064924,202.15938405214607,1365.234442446805,42.48718058166582
128.04583895777245,214.09980746280738,483.86336063105915,-44.484668219481165
151.90269351229435,358.79888282908814,1427.9052650131796,52.40957295574347
138.82717264941013,346.21807566218484,1645.0695887683935,124.29308350302922
640.8747448032146,495.62799685109417,1607.9170151050405,90.44010826596106
181.88008439914483,64.19714472706262,1105.0019348157782,69.63774714902026
345.6672833238632,52.054824692083166,1040.3397846215023,33.77048702794096
896.7884099060118,362.1694085643706,285.75192267882346,102.97425121639215
473.9616402628724,289.19345850320457,1550.692300806271,26.246704388806137
667.5577385210272,137.08033327990293,542.8187608934287,62.20276795360528
172.31987120162984,39.7096844944933,993.3908456358931,-117.10201962278748
192.2890188086708,42.82912479821527,568.5481858550335,15.923519229256497
40.86861626647887,447.09543733205913,267.65672599938625,-29.417553119239415
168.93506307216455,95.93366235937145,1259.115393783473,103.52215309255564
278.59033903195865,161.68578105776038,108.66406964580766,71.14174408851568
177.0104842767468,113.328201113494,1497.2904682524,73.46270278853879
88.70253375705562,177.49815291596866,635.1735905222333,110.93872514786332
120.63587110060081,34.711921373046685,0.26938600897064013,-37.93745262872774
460.7787680327258,259.52989545413516,1022.2582784744596,156.80525341231692
206.33371840579252,33.80628179610745,93.70381705520626,62.18096865402374
364.2698610480755,400.1782539111808,552.3391156417989,57.45033639541053
503.4172708548569,116.85604095521651,1413.9529749114324,121.91653449564035
690.3948286293653,270.0059573022553,125.37924324373174,8.713246405986723
39.31213984109894,440.0395437807291,1678.6769847120047,38.317392987984285
799.4103989090427,325.4386845235971,7.639845317166216,42.23769914217015
627.9003894909077,266.47889327566764,493.6477384038045,41.466978166987474
81.75903194887191,162.1668765576878,1481.808112304143,-2.887080638717407
873.5786241067772,166.50095652909897,632.5402994586136,134.1339862021873
920.8724005318131,334.74347759909506,203.78477613202705,70.65094329064912
61.07795985486375,497.06968061058376,720.4678376008558,84.79547122366266
276.87764814720373,330.9195949246893,540.7865727690511,29.234005034526106
806.2012797930613,278.8917086850125,1685.4238043211099,10.877545917150655
748.2596903836584,365.325255119623,626.6958351702863,99.98229465412206
184.52101935637734,232.60280614185908,1577.8649435520144,-31.569118317943776
209.3493233367103,30.071171300392606,1783.7442896214695,45.71776678503074
370.472102791382,281.1484079389549,867.634839153059,-4.42460922511475
484.52298519102135,478.8126422526901,1819.886287708784,207.86893920053615
618.254771530296,87.65147117882982,754.6361079263856,100.33874396166158
368.9136395697724,345.0024454103329,1928.1568329802164,96.79675274270025
462.53471613314787,100.46684432952824,178.57904905114586,99.93033510336656
747.4709381337566,267.91384223654063,1374.0385330064855,49.32990291718481
36.6832028905979,48.33822482335981,987.6280809138574,53.594513178647674
252.43694434402076,225.18546812909256,775.2976109112941,60.63686793427185
713.3495858845524,378.08166444762304,1265.423757497202,111.98512495561745
895.2068376871994,173.78576211949104,1407.7141832686623,153.9108767670207
511.6774421156661,332.45586224360903,8.726539300618175,95.62859425514668
532.1134852653156,397.7249803948646,333.9061774943974,87.49247899389135
107.17201133977605,463.5889097397263,1426.0921012686374,-2.505038245080627
447.41236682345465,117.32104092772677,1332.770827156413,12.755824213100482
532.6172664550231,199.65795790465407,1932.0950102573545,79.10311263857744
242.47050363472965,76.20800666520871,1522.075580501566,54.85445617212123
269.243230949381,496.2417510791876,1901.5454154626761,44.607058730945155
377.2841631046226,463.50048396214765,1405.0810030696139,213.89971039175924
20.07119777772637,269.9785651402798,596.1044172788863,115.74320751117067
322.0791655831783,421.01664718821064,210.72984450171296,92.52613590763842
211.44800699654465,260.4789886360211,1563.6477266898712,71.495096811414
327.49735217791465,311.7928440013799,1288.298442951832,62.70967237301278
119.76213181925121,44.56221605800831,96.37202478659246,-35.224154308616534
890.527280739895,377.63521024840395,720.1009318019567,100.56592962381741
593.5924535540487,63.85674181761741,1913.5996309685722,87.22491648597317
679.1023191444896,413.0338151262642,1000.8022914204024,33.186514524177745
789.1712386073383,391.0140438351929,865.4582720394093,112.57795261691925
498.44219892905727,354.3723488714882,915.399210318588,70.90437659873601
86.92028808742369,18.08019026238106,417.7654480103274,-80.88103550305371
537.1065418185477,151.5641779726643,737.4143417295904,13.740781183810533
586.8411180208791,131.55628495542143,739.6265119743532,36.609937964990955
745.43947418433,180.06820373575954,104.7100403749448,151.75737775730087
431.6595462296794,43.82137338191927,1535.1352570358365,84.49547601708053
127.58030279556377,468.47891151553137,833.008863807758,3.113005112491919
283.77590579872447,276.90112035618813,1644.3597736328466,99.06791726909381
363.0822963986351,152.76215532901176,1700.6960022397907,-9.920949049289533
645.9172413316012,198.49075853714172,423.9881093973161,114.75925280259423
570.7783046689119,223.60127025241783,1314.7069643402572,53.636948954598594
356.0967258978462,300.29716668030864,944.5636083259634,62.044015692483896
986.5152487929797,257.8397138482489,1760.31347584297,176.6058357184428
605.7748193568872,459.6959866072087,431.4813583529082,20.529788366410898
237.22679173599448,248.48174145291512,1355.6264006200884,-6.033867511156558
101.78247262040374,496.07900741165633,1215.504244505445,49.82714294499448
152.85913918433204,425.7124788725479,590.6029551436656,113.94520650031055
245.95772838450813,104.2552571786679,273.20180730234523,-47.779855490703014
160.68137325955567,465.29760732195814,1303.2795209545532,-60.97836009126378
186.56702405130576,58.183198942738045,1477.1949162646613,22.13262650168238
285.0951686938471,408.7248542455958,631.2546875267,95.33937760533196
173.37359529475484,190.31164673829005,1289.6652080446277,113.50623608640078
896.7654246264252,438.9871602225348,790.2618152230066,81.38415545376492
80.2337456616422,434.02834505372516,1426.4137665652354,55.37146676395921
524.5113895702547,402.9627000588106,398.4305497881062,132.18548719294327
410.3968269896615,395.01521815353067,1780.4300052723488,2.142878285512097
982.3786169086064,152.33956954902038,574.8191929311595,56.4232328998051
112.03890216805235,40.45964152562609,735.5719755123058,33.88054326746423
397.85559904574166,201.49008938258072,116.18390416069957,64.82640303801087
969.4704332753688,86.76225749325434,223.0244246425528,36.1199012464008
865.5071258939803,347.47554445123086,1031.7238054246563,100.3794374336073
817.0720709492799,173.04986326889278,535.185353455943,-55.55407072717735
257.90282704493984,487.80510042995746,1670.9604514843888,62.1824398082381
170.88758739006582,320.486038672666,29.386777309907686,63.85615441069142
668.643219924431,411.24028181718046,758.1880973438724,40.60524941208307
929.3759891275857,66.26233637092422,674.6910935381853,69.53806604371529
556.7628930139298,431.0072411363113,38.65526183520207,94.05559904116657
571.6126894698998,461.37859525669717,248.73679800102045,62.56576991629687
279.97909366028415,243.53095940946795,827.2853498372706,63.42094617053496
769.4929331919369,303.12646887548874,985.7291688948933,40.36524866081297
187.04374855752337,382.4049004514977,808.5794945097382,53.43370337841838
323.6792364042437,87.41931363020628,1061.8753568241877,76.6742087991777
425.43643861641675,251.2830382317212,1190.263349811363,78.05404079864194
507.61037868445504,199.33151388615656,19.84764225567126,16.384059689755055
242.40973241508024,73.18699608112456,928.1903189070077,49.21381282154627
114.83682473920354,183.7672111457657,1926.9984817751767,98.38902151887119
610.6200424416326,34.08615469274678,1038.0645602590973,-47.79615513233564
288.6305532402558,12.905953474743493,1355.0845349179065,100.77751695564015
581.2382214226122,67.58314457741137,623.7277158337664,31.482042911493483
154.36271527420232,481.5575557945869,1547.982756305525,108.10804313129083
481.1401018548175,274.76476794750846,1545.8429637522302,142.31268734479772
532.5894325515859,482.91108057660995,1042.592095308278,27.188736729882564
51.82353682242691,216.248939165066,1952.0276465584273,27.784573567419166
336.6042781939206,155.9080665426298,251.10042952530677,23.015594360679906
134.41467693897425,253.07093142012204,33.89532977916198,-6.481942471677257
63.37497047276774,219.75584431645507,1540.316423514192,142.69749021740816
989.9602323899452,52.83234213087196,1614.311074729765,44.22886263584013
322.35384497472296,320.4131573451031,240.4144582411525,25.189958173726183
809.8744458546348,108.0190912547998,531.1656659172121,72.13839631670481
254.64065476376385,309.7939774489148,35.10472673325782,-15.693951286059608
681.5027222239293,325.1005461990767,586.6172215611294,58.53349957451353
760.2278598896866,76.01242656432406,1546.283747837343,92.41097367017235
595.6387406078443,30.67481355533408,1035.9210554251579,36.92481927530322
471.57618855015835,390.3807930342199,696.1911863365762,71.87136951266403
411.8409141472685,229.90021188466008,743.4785898126606,31.9850330696641
348.8682665429953,29.081897752737895,2.7072514309363083,-55.317767327996066
929.5291442478258,497.4331585848836,599.6010551304718,124.29145474045103
830.6194077877292,28.89028049818332,1292.917483275861,158.02500168708409
965.0269106665125,347.5176144292766,1948.3888876327142,122.89096626807948
124.29722348554473,491.8394626317068,1694.121653967799,100.54444637918138
730.8674752036443,119.5900521079628,47.18992929105825,84.08231531264263
938.3404568210378,71.12468434359809,1797.1212093496786,26.50539063507032
181.23306616566015,60.69246971121445,1566.396826597252,131.58456971782977
66.49626736677749,151.63757378379776,1560.7522471419609,59.82005551069797
741.1206492900591,50.522905505323344,915.991518007143,142.02099832963358
574.4731131799119,346.08067084706596,796.0105859090056,42.600284685682844
841.828776758272,31.145899065031347,605.8314576663853,148.2257540256357
139.77237662628949,254.71106407489486,131.38971790873154,73.84529429871776
795.2673118598902,498.3484269264884,456.4707269873982,126.37962711800924
201.62732004774452,406.9851347530094,493.20726995604923,72.34524759446656
163.6559428657045,307.60971911550547,968.1541394204032,45.88042093952137
164.26579793099293,153.12681039330585,1494.888813193388,113.45033012344162
814.5747202313821,311.94791814581924,947.6196567958932,97.89391445447126
665.1972206962001,263.5207319558258,115.68889889432121,-36.4277729710786
523.0654247691193,213.04169194518573,1915.5796019764077,29.90970938715258
358.8304841235025,65.35518837009974,1885.4486381882245,52.893728197312235
877.2005408131083,443.30210762023336,1570.3790862968167,135.09776868689283
392.4451074226354,224.89232441066125,1982.6558031284412,78.93517942977194
816.599439471577,97.31125591038253,1088.964665600526,133.2889303663108
439.13490857021844,183.8796754386448,1925.5367005064122,-18.699646219427592
376.9444294249076,207.06487626446352,151.21008123350154,49.757307547619774
462.6797856696064,413.76894778343717,731.3614965227426,-11.760847277078838
301.3778741641421,366.80719028070104,450.76253601353164,98.75047823075627
747.6093801762511,384.6524468206699,391.66616826854005,78.95610133415022
502.72039009247914,5.515632214323607,281.60589778535217,52.300199282969274
232.2126951468173,208.07699908988076,1244.8272831319932,14.120732299480508
899.5745732745685,240.6720758176618,1562.6437114946102,164.27205705827436
383.8912213732114,9.596138411528344,1156.5967988407212,95.37234408957039
543.5528611139886,129.9066043725171,293.9254191764193,75.2240270270739
906.4721109645469,380.1449115610675,1622.247539866942,109.3071851585009
624.2379959139921,68.55485286449952,1271.909414327457,92.49843763345531
116.89804070836406,267.65506572629585,776.3314122539911,12.792408453760167
939.8321236134751,107.60093600861876,1348.2605910721259,127.49469455401376
627.7080530714179,6.060387321946637,519.8099584856657,124.86168527167492
334.9056146570861,120.60072879977074,690.384416988421,96.1435699515591
139.27207266338726,487.9368774550269,1834.9716862639805,55.976601613581195
794.025189270296,400.7685559414948,581.0090113428407,109.46916114817624
620.0727559285135,479.7883221605167,939.9765363158732,33.12492355086242
533.4610919763215,243.92702196318123,1780.2822747920293,115.29091784975857
893.8925830509577,54.868099338751755,1415.4427005350549,101.0204637402511
788.5972112245307,273.97974448684647,124.40645232940551,-24.174852920108904
151.67487973275118,227.18866727998045,294.60608855794067,-21.89445970982377
311.72206779554824,422.178541369808,15.683181543833635,43.96067632044654
248.48913981446574,49.04129039212229,1261.8435804583269,27.522470282060738
743.946292572677,244.1205685108891,895.3468508208366,19.042461725199225
33.53243473577938,75.02433234699213,268.5497018045511,33.99898547518839
569.8896848713165,162.33796344503,1915.8682421135409,95.61932587736526
762.4586857406905,368.67853869389984,1059.3194478912399,86.46372051532333
876.7656367617494,238.00906468438328,483.78658822577836,39.525345063123225
342.08174871590745,187.94414257288466,1001.2071423094151,108.35800086010032
821.2573046720129,197.23813928501767,1359.2406654702156,170.74184812592148
110.63173695520723,229.72338420299332,152.47843594712896,7.375419794675423
846.4522917345182,392.50827191852846,549.4076300957839,61.95324852275342
127.48866233198241,446.0423444701172,1613.9309817679873,107.8176704695704
397.2872905603673,477.66734325196416,919.3297408053224,68.11622468197191
797.2953657795537,393.45169312764756,1093.1542840645898,94.10316324987252
149.91742734877377,157.70344787400637,865.6320044189385,77.56151382945167
229.2513952326415,344.06735304327105,87.79988528601024,-47.84250160368525
722.2525683930663,218.80156202769595,331.4995596403119,130.53789205786262
720.0365365460743,127.33531102302558,891.0832774837818,70.19104969574897
641.1476328852973,420.4357897129613,418.3709308158556,61.893722003769106
693.9484444671,19.213174481162497,99.95805731935748,34.15619310678595
542.7244433475962,450.88099606771175,1687.2993281036474,104.09177608724988
251.79905890695275,230.7387323123671,1962.3850583282317,-11.648537829097293
345.69599350391945,318.6007384041402,1586.285747993479,155.6174998481414
181.59771680142566,329.67696110289137,1707.569843409334,78.26526043207802
908.4505613336283,447.55887035326816,483.95426063409076,122.00760683705882
583.3917947661205,318.33484108360364,1921.2539510263996,147.00564139589653
400.8514167636399,306.9667923800309,393.85140890685676,7.558155376307212
462.0058036441327,33.326020280344984,1902.8596207236646,88.16367957647586
947.2833396118153,259.204010972602,1989.638587931902,99.69528529154933
153.3514031160802,75.08450040852082,1423.4456114920974,85.98347118732272
586.2298320167972,368.71688436074277,1962.2874635836438,-0.9324417089877528
505.888678884466,256.11096040633726,1139.0795591342073,68.73240615547772
611.4542354346478,340.1138896041767,519.0835663521807,44.824739269995604
18.110183820840508,20.836450301192134,873.9917713312417,42.08213717949385
872.1239089441515,42.39600802290161,1187.121870757572,95.09044303305929
932.1182824836123,358.16169403134114,146.16312405403,49.96405126729403
565.1331835892089,36.042167999336684,1244.6865292344921,21.145913355281778
696.6508238768922,35.6283638826293,1962.355673524589,72.10922262473285
922.4993811772957,6.054237617443725,380.21529956745525,9.502587446197872
707.2386343133986,478.25069914974006,1585.1902325767667,156.98999105478563
152.53904291426136,368.75417972950345,1815.7975875592388,62.357961847475885
576.2883601668132,176.6257042510321,1887.4031856404417,-61.12435881982938
606.7150463828559,148.26779064382762,1920.2712088108944,64.82685272865315
424.130671302386,174.85161487292478,1042.919277442944,7.622889559072043
736.4442356247229,387.3267655905909,1954.6158159830075,33.083413886908104
934.3670147690149,330.6853055352072,1514.6204142688778,48.207957666220395
925.5685129067763,92.59778393373396,323.3428724739238,67.47548507983919
450.8393714041321,87.05466766704217,953.80021293594,116.75548100804119
113.23804584075525,49.19782485669866,1436.6623507440079,54.97415548583679
984.8411989623346,330.15135985066905,494.6806316381667,61.82563915515999
838.8980864459342,382.18633111086797,1281.2303670977747,128.58335453387414
124.66268120326684,132.523214162502,1333.2009580932386,23.194959127328726
920.8418826173723,10.472480515456406,325.3994876171318,18.86731347659967
869.8963620621283,41.08583373821367,1130.1706249055126,12.488680563388826
518.8380571260722,483.9300174225152,1543.2538219572155,17.608540700113494
591.2754357449293,147.72238873871012,997.7913290718839,44.795651914582876
399.00270387013023,384.6115739190668,24.20623355221485,66.79809175246409
54.76163882203133,312.3317844271319,18.076938158584355,29.50161564624196
335.19724164590093,190.96981982644795,714.0586879400244,29.339671426372394
802.8534485980115,102.84363109777756,1852.388136863564,40.18749524211056
4.632023004602859,60.693209079703216,457.35355920721753,45.86030282659324
333.49917169114417,307.5064840194333,1268.7273777433743,6.94355854403878
398.1686935909433,387.31689031889397,444.15174138664116,106.32455423134317
537.3956029379228,321.9521267705653,643.3399793190972,21.820941463998388
919.8556164127605,265.15106662457913,1696.084179202968,68.80780919950357
346.34599436596125,20.975611715818133,1457.7228845398938,-24.769940950106097
346.9532018962277,484.2443887971919,190.79855462642126,44.51796272277717
737.5012481097484,399.3570958272873,857.4040419728673,142.72447575157244
452.21794088980715,146.41101835048238,58.339527290528935,64.200193847547
224.60482293998197,489.98516467942534,961.780293206018,128.38546908046376
452.43951613269337,300.94079481816107,1324.8680234021363,105.32054305319029
140.85702037979985,291.21132910362326,237.00524719630312,-14.279402553240075
176.3869865062233,374.0365897147661,577.7698778183313,41.23894463677654
498.36777273947973,405.8848940450688,795.6732510043139,42.410386605694
418.9254495045479,328.2393036657513,1839.0620493120996,157.08018902999652
914.8459010681,64.04787318310001,1986.510030845928,32.03785066731799
362.3938991166331,169.1337529972492,89.82259799123172,81.51440668483676
580.5883502780434,464.04182016302485,1522.015846990784,150.5216099754588
632.2642879195304,112.30780592192596,743.4481328046865,149.1939677300672
13.094456588333635,186.08351191875667,784.91637245896,14.477071838996682
663.5373720167106,216.038441472098,1508.5299466940453,120.56741966093435
178.03596686975143,219.7024948472261,1836.8528642908173,181.69169694096865
961.0703174694552,306.4697912472628,1901.8571890050969,85.85555493161614
148.66272775311296,471.5379188723538,1154.2451720766417,0.9198193398058834
414.62412372702374,120.34635591625248,714.2423186010056,-46.949813545391635
85.34966807864386,60.750688150459034,1575.0981717175584,77.48011709639584
996.8742518459474,98.73524492996866,502.00276652460053,-24.400217987142938
502.1950103312426,443.46245010463474,1128.1480576670356,73.40300403347018
595.3850173200437,322.90540632760303,717.1569230497463,98.26858931170545
67.07647738842748,142.95339461958005,1313.2621474157522,53.17318312119013
749.9604703991778,407.9734694843086,480.7978257870138,109.18357019333865
209.90559309558577,430.684998181718,383.18589146965155,72.34199009238682
898.0542894407138,423.257169345139,1836.4781733508742,187.90128553923674
205.13964048200717,459.46326681977723,203.6073658990738,12.659636987119711
190.68772066366657,126.1205100866808,1011.9158154698633,8.53499642832211
36.54966784809488,377.5209643731391,441.7055659260178,9.78071888469782
472.06694510999927,230.26974863707,77.8599266513349,89.69711124536417
564.8411332626164,420.9992764450308,72.03763658285278,116.80266645904415
65.70863942835237,364.2453385808066,350.4435442116547,69.28010267965678
775.5276166950106,388.2237232498623,1733.5407090120004,171.44425068447316
453.2888347480276,328.08091884053573,564.9574879540534,7.869640011716982
524.3902693275801,88.71438473485344,1900.9183411505915,156.47052434043303
440.76274693822813,272.5134594484692,1163.244585978387,148.71630609693898
400.763060875326,492.33486976225413,873.2283795375322,123.51730747302969
559.6403313082179,468.69403324855944,1160.1776693389093,187.144918715598
155.24024593071252,21.586867898505837,1033.3967704525355,-52.242525888451766
181.92813049527112,82.40740786471856,1517.5525075146504,21.465790648395824
861.7856210135174,65.86438672728096,564.9921319457045,24.210389328220444
946.1154621336327,362.98995499264777,706.1007832006047,133.80075045782567
373.3093162797529,408.8926649284725,1788.1886050665014,42.81146742805765
270.74467314355377,106.75568315533596,1892.913026300811,99.94581996560179
643.9995432390158,252.9263464759145,1785.116454972949,161.7217481088369
408.7341710980964,420.3515140056,838.8959879146272,114.00992471795732
25.38635566034486,366.4007723831253,1560.7310060137634,83.3115663246801
156.15259736619035,271.11860274592414,952.6714666021976,4.579252429908422
715.9722288473976,295.1738452293865,995.0797042922044,42.8750417448844
658.9239419101514,254.18027345814,409.3602181145679,129.03237406844625
27.09599250348349,148.7742256594103,1182.260606517033,78.84488451672249
221.97216193294943,282.51099642950805,372.27179550669587,44.84416768085499
231.0747965880714,344.44265102504534,663.1293981343875,38.36511560630133
671.8927435987284,436.66145793040386,1710.0604032398703,10.171597382205377
19.710537754364154,318.14567698962406,414.15161842171045,-12.459493979107123
104.10858198457385,380.560768521579,142.31657034686563,141.67879171531007
799.9160853731894,80.0358174772865,138.01518522563262,-13.26308882922256
178.54466205433363,230.77873720989496,1881.569041006216,79.11047870488453
652.7461078518747,4.6658099135466475,1013.8408759236693,103.75290256218172
238.18278104672652,123.3394322608115,818.8241436340367,-22.126568249016408
99.44139275934516,363.23085755650243,1621.757162015837,82.9658223729884
243.17219099945407,495.90497567468174,1671.651855821032,142.07792110939428
722.2669318556592,49.589049793607956,664.3820662312093,54.98485899213046
855.6964681062857,200.74715793064414,1387.2361149475905,234.0244142806689
830.2198645669916,400.03548434957975,1542.2456317037731,28.929491353473267
397.1835296184548,102.01781731444942,1309.301373731909,109.1834121811998
668.0851365706461,277.5424746511431,303.19014960019877,58.582220415827365
204.98429541582098,366.5356480148374,1751.766167034114,120.53411065479082
293.14773026101324,307.9927251300895,1078.1891054720174,89.08579872046226
896.3358185211198,94.01236730770806,564.9448527400074,28.859114856127114
13.001923510736034,177.6922843428697,850.4563708753878,46.878271650298544
85.50853085446808,391.8958922426986,75.14218079781476,-47.9272131869648
207.8862551460273,277.1132570660083,255.73360244483513,73.38268554136859
26.532203873819714,2.6148067714563683,1531.0935010317216,47.11788419099734
181.43543508979732,380.49538001404693,0.023269510732282228,79.05478357826432
583.0415609696922,17.655677470119535,833.1316569645844,100.48619518914576
421.42455059249795,372.8668913656161,1045.0203621711769,97.6393159200956
892.6717110769748,101.24028008261871,109.2688400019446,64.34746135206332
817.4435617384408,479.0367400596901,1946.1563259446657,83.64556177871975
341.81735169787595,183.97037565104225,452.2506624993439,8.921880217532355
259.4234334312925,163.46580816903955,608.3974392725618,100.82243228278637
379.6924081672669,74.44402516622233,607.8850245100547,110.4034937004856
590.2949425148078,152.80210774510743,460.83332423469983,42.106102569342426
268.06364082287627,438.32538091410026,2.947644172622832,59.594810378670005
624.148907849134,498.1671688136237,1458.6895881759926,64.96723528765062
409.4116521912404,184.15476525342416,1933.6909995985707,136.1977213902481
552.0471808519802,224.30531547727128,448.5869665700901,92.27547110631687
436.1265291353167,361.0354691013685,1326.0943836068448,181.49263286222703
294.4657595419177,443.0978902325373,1483.7926539174302,44.79277621971127
948.4533069621567,296.52216709339206,1696.8507581810495,92.11150227015719
763.6057941597609,195.76284908891466,845.2583940272183,86.23403862370249
140.11317576645254,206.31092042431186,605.8618112808584,72.07846394265952
868.4679758979128,347.8090732484034,650.5902680460622,80.4327296032756
487.4311982495136,1.6091318021393408,1425.2426661970258,9.389271893945114
894.5522268940914,309.7946687299203,1633.558933011272,152.4486333241006
799.8552559473152,177.7465052206787,363.2279355132053,101.08874015697683
425.21350446923344,397.0986656385421,741.8820163155304,29.994477085440252
22.4693083201174,46.49531991156608,1803.8803934983,109.62274533240327
268.6773593849461,294.10113347419525,1613.3870393894786,133.62165756428658
541.634214660867,240.48644494306188,1969.7168055249517,97.23951620023821
633.4782198261473,321.1627629526137,1508.4965193641615,97.9400107926538
257.8876854332023,32.426797241484174,786.3904020558446,59.56776059272078
139.35607407282413,289.99189371406567,1181.2756679892755,16.507352922020374
834.9302367992991,280.7422939797619,1322.0285084946406,97.76288536603806
984.4021807035522,280.3300472080855,156.9116326342479,-27.22783082178789
525.6901823026858,301.7438332982274,1088.99391820773,122.0615530842584
171.6792858483035,338.2339686131811,1418.6416569452192,-7.294466829455303
272.3073265193689,402.4944998403849,334.64260800212077,135.72865989149932
18.390676547466732,134.91036006410718,1561.2634348511142,29.129833832483822
914.298806560499,412.52470509003103,1167.5455610282233,99.73497296103368
117.75108289014113,249.12784113172683,1904.4435713951893,37.50251438135824
576.5164755142536,38.52913956716558,84.84459641378339,19.97368596460108
274.055220687206,29.2754646219896,530.6522751109339,98.16992025617976
554.1780025157934,167.1191593480304,1203.1077585996482,-55.907461594168296
651.4203883518642,392.4484885557338,593.1198244118614,147.5265340658132
829.7418037072016,353.8404673704579,1428.8483281424844,122.34927754034096
206.42127176060322,394.30748233620324,1518.010565043862,19.760940729666956
10.995828658480477,258.63452822080467,205.0319281329489,-23.25173683479842
136.88563006880727,220.09949897774527,1027.7089284135354,133.22806132989575
900.0186418481051,73.72626335314197,1017.7811111821118,25.453836654225142
873.8900775625152,164.09637680465576,738.5615404310821,17.207846837415005
597.4131021703083,217.00968308693763,1865.8497251393442,145.75434503823254
600.5168604336534,44.30021483980862,1655.0126397464423,84.4837611148881
665.0366745462554,110.30597635560562,1394.4187638192736,25.27452781243887
175.3712786234496,299.1126470318694,1428.6532714699952,78.08414283399028
914.4119459249598,367.83155711959495,923.4322876262382,49.6847645787184
418.7705248920731,499.1737556964748,1841.9890421931518,162.73675257924444
383.1385282494975,466.55666567177883,1389.1908545065708,146.66495831344088
518.9177052828376,321.28259976759574,1457.962123311633,113.83369764823127
46.965966775055044,210.624026647036,1723.3818075746906,75.96139021730099
166.2833687560794,318.0886823541164,548.143178684382,139.14530649027193
738.0336164263705,392.825809040116,1614.141807733406,108.45141424940951
82.79866792512647,59.16809546169366,390.4812059129841,-41.227339210354685
603.1521094663882,204.95244484814413,690.6839044897757,86.9402236895447
245.34910968132095,419.9011428178086,671.2209085396854,171.9843404134963
389.29561404197653,191.916475966522,1957.050936778281,27.059472375024043
288.69373677069984,285.93613561359325,1713.0744474958537,59.21665101511211
355.67271646494913,293.8846804310991,1402.3397231805195,96.0412002350404
719.0459051842455,92.23812656681967,1454.1135232307802,71.5631359302229
297.121715623175,181.1177208261442,1124.145588805142,6.335590621010283
566.4046402968972,167.25564437096608,1894.181334217038,139.02231594780577
476.05040219909966,13.098354266032397,992.5175057647231,160.96474175271567
663.6711653626481,12.095881945677622,761.0354197397891,59.420427808691315
936.829739324758,415.8485218378867,326.070673863182,49.7443381404902
732.5720972102503,136.5354049864062,1572.4113045221159,4.282345196921696
214.94037859075675,259.0393831194077,1468.8878641511828,78.92751358556131
31.183135061284673,149.36278679438652,768.7100770482698,87.06350413928116
262.26404429982506,470.3396225576703,50.38682791845872,84.91328835389655
595.0779307002548,129.64837943288688,1677.9946554360215,76.15843554107917
51.42581348425035,214.82840636946753,22.835966908147263,-4.952731940143096
496.3662472012363,436.3651252423009,1407.3995592581018,41.994634433549464
596.8428489168892,420.9667833959043,1940.514219452114,152.48667149072128
334.2438908169608,93.05070892313866,875.3226562964069,89.21229962836932
770.9122037458219,401.3216548978552,469.9468099919055,10.790222542378089
106.5982531337718,229.09344336894634,1409.7420200867634,135.9260463043527
75.13778173580876,241.4844360426776,1634.2562840311703,89.29401941638167
728.1887562036034,66.7399862079719,1092.8606321556947,134.92038133138092
495.49131620619846,40.300756878562325,1934.0705505122924,0.3796650841562439
688.402396427736,363.9696534868826,103.3374433159222,4.592626265621561
434.8273386037462,248.23057617764988,1009.5911966090563,59.307782991768576
246.4020332391068,218.42535130758978,1436.9078946451002,88.04001603037605
819.1023176741998,364.75411432619836,1725.280942298358,201.75418730864516
799.4158789689792,382.7564494955549,358.5112238155801,120.72060906507264
694.6964708544267,79.45408383467678,1600.0069635273628,62.546307356134605
272.1451372299627,305.1125747388206,1105.4141514370906,14.9083369808274
590.2306668690871,67.67704113884277,793.1073639799264,113.64141337289468
360.9738969400268,375.6875430145228,263.43005715818714,12.65077900408162
91.58207332663414,328.47757813356975,1730.5915178178248,153.46211957466127
917.3135754622427,478.30731054172895,314.5464163594307,85.76810567414819
136.8186309189614,34.47900817821059,619.5757184181984,102.20945036302562
950.2373538208025,28.52736057562716,580.0910639248738,95.91298953006424
446.00577295795574,141.09353734660007,1742.8280683817086,64.41642927806905
